Class,Accuracy
0,0.7294117647058823
1,0.9192982456140351
2,0.9377510040160643
3,0.9404761904761905
