Class,Accuracy
0,0.9657238986436757
1,0.9897693774926305
2,0.989897562698693
3,0.9808606607338779
