Class,Accuracy
0,0.9947429292398275
1,0.9977457950407491
2,0.9969622041681385
3,0.995001828599293
