Class,Accuracy
0,0.9927452423509621
1,0.99791919542223
2,0.9982338396326387
3,0.9968304278922345
