Class,Accuracy
0,0.887288402901903
1,0.9512744928038842
2,0.9514659131049099
3,0.9512373521882238
