Class,Accuracy
0,0.9931658080117758
1,0.9920235824518814
2,0.9969622041681385
3,0.991710349871998
