Class,Accuracy
0,0.7862745098039216
1,0.8649122807017544
2,0.9267068273092369
3,0.8971861471861472
