Class,Accuracy
0,0.9831773735674482
1,0.9947979885555748
2,0.9951253973860826
3,0.9776910886261124
