Class,Accuracy
0,0.9776048785616654
1,0.9946245881740939
2,0.9924408336276934
3,0.9822016335487017
