Class,Accuracy
0,0.9942172221638104
1,0.9967053927518641
2,0.9963970328505828
3,0.9918322564915275
